loss,saida_anomalia_loss,saida_anomalia_mae,saida_delta_loss,saida_delta_mae,saida_iqar_accuracy,saida_iqar_loss,val_loss,val_saida_anomalia_loss,val_saida_anomalia_mae,val_saida_delta_loss,val_saida_delta_mae,val_saida_iqar_accuracy,val_saida_iqar_loss,learning_rate
0.7497277855873108,0.015993349254131317,0.08870688080787659,0.15502433478832245,0.293102502822876,0.8420312404632568,0.4242306649684906,0.2874484360218048,0.003781519830226898,0.044028203934431076,0.09333600848913193,0.23140940070152283,0.9892234802246094,0.09375841170549393,0.0010000000474974513
0.48519402742385864,0.004008310381323099,0.040551137179136276,0.15354923903942108,0.28461048007011414,0.9441692233085632,0.17514407634735107,0.32031333446502686,0.001778838224709034,0.026522761210799217,0.09323842078447342,0.23118838667869568,0.9768621325492859,0.12806753814220428,0.0010000000474974513
0.4629178047180176,0.0030213643331080675,0.031877052038908005,0.15311309695243835,0.28430160880088806,0.9501773715019226,0.15470080077648163,0.3025711178779602,0.0017399302450940013,0.02612926810979843,0.09321263432502747,0.23134411871433258,0.9790807962417603,0.11056214570999146,0.0010000000474974513
0.4509425759315491,0.0026742343325167894,0.028493201360106468,0.15253330767154694,0.28375229239463806,0.9527020454406738,0.1443520188331604,0.26638951897621155,0.0016699585830792785,0.026380928233265877,0.09316883981227875,0.23098453879356384,0.987163245677948,0.07498081773519516,0.0010000000474974513
0.42828428745269775,0.002562015550211072,0.027186447754502296,0.15220288932323456,0.2834058701992035,0.9608833193778992,0.1225055456161499,0.27070480585098267,0.0014369700802490115,0.023407001048326492,0.0930522084236145,0.2305634617805481,0.9874801635742188,0.07968097925186157,0.0010000000474974513
0.4409046173095703,0.002421268494799733,0.025266870856285095,0.15203064680099487,0.28300729393959045,0.9543319344520569,0.13561607897281647,0.27637630701065063,0.0014787687687203288,0.023016437888145447,0.09310093522071838,0.23092211782932281,0.9862123727798462,0.08510980010032654,0.0010000000474974513
0.43311235308647156,0.002448266837745905,0.025702862069010735,0.15188699960708618,0.2827381491661072,0.9565050601959229,0.12804023921489716,0.2752934694290161,0.0014963947469368577,0.02270718850195408,0.093146912753582,0.2308645248413086,0.9860538840293884,0.08392534404993057,0.0010000000474974513
0.4081839621067047,0.002374363597482443,0.02460283599793911,0.15154843032360077,0.282112181186676,0.9671151638031006,0.10389169305562973,0.2767304480075836,0.0013729364145547152,0.021637434139847755,0.0930611789226532,0.23180830478668213,0.9854199886322021,0.08562220633029938,0.0005000000237487257
0.40659162402153015,0.0023639285936951637,0.02454213798046112,0.15141431987285614,0.28225576877593994,0.9666677117347717,0.10260001569986343,0.2759774923324585,0.001388792647048831,0.02179204672574997,0.09306547790765762,0.23162652552127838,0.9851030111312866,0.0848572850227356,0.0005000000237487257
0.4055897295475006,0.0023182944860309362,0.024069448933005333,0.15134477615356445,0.2823081612586975,0.9666357636451721,0.10176548361778259,0.2738543748855591,0.0013640157412737608,0.021353937685489655,0.09307441860437393,0.23158420622348785,0.9852614998817444,0.08277426660060883,0.0005000000237487257
0.39054927229881287,0.0022791442461311817,0.023589380085468292,0.15124087035655975,0.2819238305091858,0.973059356212616,0.08729672431945801,0.2694656550884247,0.0013604332925751805,0.02157951332628727,0.09303492307662964,0.2326238751411438,0.9846276044845581,0.0785265862941742,0.0002500000118743628
0.3868323862552643,0.002247232012450695,0.023424595594406128,0.151162788271904,0.2819940447807312,0.9745613932609558,0.08358310908079147,0.2798582911491394,0.0013452868442982435,0.02131449617445469,0.092986099421978,0.23193438351154327,0.9833597540855408,0.08889875560998917,0.0002500000118743628
